name,W,V,Cr,Ti,note
C (Original),89.98000,10.00000,0.00000,0.02000,"Original W89.98-V10-Ti0.02"
A (80/20),71.98400,26.40000,0.80000,0.81600,"80% original + 20% V-4Cr-4Ti"
B (60/40),53.98800,42.80000,1.60000,1.61200,"60% original + 40% V-4Cr-4Ti"
